dis_img_path,dis_type,ref_img_path,score
/jp2k/img2.bmp,jp2k,/refimgs/studentsculpture.bmp,15.512954417537026
/jp2k/img3.bmp,jp2k,/refimgs/rapids.bmp,24.09025497677203
/jp2k/img4.bmp,jp2k,/refimgs/dancers.bmp,68.99086164929872
/jp2k/img5.bmp,jp2k,/refimgs/churchandcapitol.bmp,74.39794796497739
/jp2k/img6.bmp,jp2k,/refimgs/dancers.bmp,69.2292141708657
/jp2k/img7.bmp,jp2k,/refimgs/churchandcapitol.bmp,53.578731920146005
/jp2k/img8.bmp,jp2k,/refimgs/stream.bmp,39.37667556675135
/jp2k/img10.bmp,jp2k,/refimgs/woman.bmp,43.42259860497224
/jp2k/img12.bmp,jp2k,/refimgs/sailing3.bmp,34.802951811201964
/jp2k/img13.bmp,jp2k,/refimgs/buildings.bmp,46.684096124058215
/jp2k/img14.bmp,jp2k,/refimgs/paintedhouse.bmp,45.679490649039394
/jp2k/img15.bmp,jp2k,/refimgs/bikes.bmp,12.692083542828538
/jp2k/img17.bmp,jp2k,/refimgs/stream.bmp,65.23107378633902
/jp2k/img18.bmp,jp2k,/refimgs/carnivaldolls.bmp,29.392249180595478
/jp2k/img19.bmp,jp2k,/refimgs/sailing1.bmp,3.8890621428635583
/jp2k/img21.bmp,jp2k,/refimgs/coinsinfountain.bmp,22.461157863083844
/jp2k/img23.bmp,jp2k,/refimgs/woman.bmp,35.59966912005858
/jp2k/img26.bmp,jp2k,/refimgs/manfishing.bmp,11.714566786308875
/jp2k/img27.bmp,jp2k,/refimgs/house.bmp,48.4017211733363
/jp2k/img28.bmp,jp2k,/refimgs/coinsinfountain.bmp,70.94908661426099
/jp2k/img29.bmp,jp2k,/refimgs/buildings.bmp,63.64493591720355
/jp2k/img30.bmp,jp2k,/refimgs/building2.bmp,75.20085071703139
/jp2k/img31.bmp,jp2k,/refimgs/ocean.bmp,23.258787473568606
/jp2k/img32.bmp,jp2k,/refimgs/rapids.bmp,76.28674666689452
/jp2k/img33.bmp,jp2k,/refimgs/buildings.bmp,52.78563645111723
/jp2k/img34.bmp,jp2k,/refimgs/studentsculpture.bmp,8.613511703300915
/jp2k/img37.bmp,jp2k,/refimgs/ocean.bmp,25.85424903691081
/jp2k/img38.bmp,jp2k,/refimgs/sailing3.bmp,65.85757417524141
/jp2k/img39.bmp,jp2k,/refimgs/sailing4.bmp,26.96036839367697
/jp2k/img40.bmp,jp2k,/refimgs/paintedhouse.bmp,75.7811284764878
/jp2k/img41.bmp,jp2k,/refimgs/building2.bmp,43.696253511551454
/jp2k/img42.bmp,jp2k,/refimgs/womanhat.bmp,54.17424655185858
/jp2k/img43.bmp,jp2k,/refimgs/sailing1.bmp,67.6967798207526
/jp2k/img44.bmp,jp2k,/refimgs/flowersonih35.bmp,71.61970727692339
/jp2k/img45.bmp,jp2k,/refimgs/churchandcapitol.bmp,74.14564153374138
/jp2k/img46.bmp,jp2k,/refimgs/cemetry.bmp,73.09174201136065
/jp2k/img47.bmp,jp2k,/refimgs/house.bmp,48.08894690810563
/jp2k/img48.bmp,jp2k,/refimgs/cemetry.bmp,77.32511548366257
/jp2k/img49.bmp,jp2k,/refimgs/caps.bmp,13.501078103650578
/jp2k/img51.bmp,jp2k,/refimgs/lighthouse.bmp,20.523073789426263
/jp2k/img52.bmp,jp2k,/refimgs/sailing4.bmp,51.01138521337987
/jp2k/img53.bmp,jp2k,/refimgs/plane.bmp,62.47597192836157
/jp2k/img55.bmp,jp2k,/refimgs/sailing2.bmp,46.03974281634614
/jp2k/img56.bmp,jp2k,/refimgs/monarch.bmp,41.284025766832684
/jp2k/img58.bmp,jp2k,/refimgs/plane.bmp,5.651469652190897
/jp2k/img59.bmp,jp2k,/refimgs/sailing2.bmp,10.109294080950896
/jp2k/img60.bmp,jp2k,/refimgs/studentsculpture.bmp,63.37679236401009
/jp2k/img61.bmp,jp2k,/refimgs/monarch.bmp,21.457095198446538
/jp2k/img62.bmp,jp2k,/refimgs/sailing2.bmp,6.320751746555565
/jp2k/img63.bmp,jp2k,/refimgs/manfishing.bmp,30.07521146577485
/jp2k/img65.bmp,jp2k,/refimgs/dancers.bmp,82.98273370788651
/jp2k/img68.bmp,jp2k,/refimgs/caps.bmp,24.82662376759264
/jp2k/img69.bmp,jp2k,/refimgs/ocean.bmp,5.909674455410709
/jp2k/img71.bmp,jp2k,/refimgs/stream.bmp,80.12128273704799
/jp2k/img74.bmp,jp2k,/refimgs/lighthouse2.bmp,52.089829940493935
/jp2k/img75.bmp,jp2k,/refimgs/womanhat.bmp,11.035277608283096
/jp2k/img77.bmp,jp2k,/refimgs/coinsinfountain.bmp,12.523344239786704
/jp2k/img78.bmp,jp2k,/refimgs/bikes.bmp,30.57070176854073
/jp2k/img79.bmp,jp2k,/refimgs/carnivaldolls.bmp,79.16743675958446
/jp2k/img80.bmp,jp2k,/refimgs/house.bmp,20.566984747213432
/jp2k/img81.bmp,jp2k,/refimgs/rapids.bmp,44.74511025359578
/jp2k/img82.bmp,jp2k,/refimgs/paintedhouse.bmp,11.339054336612762
/jp2k/img83.bmp,jp2k,/refimgs/caps.bmp,42.369320360750706
/jp2k/img85.bmp,jp2k,/refimgs/parrots.bmp,18.563119639992884
/jp2k/img86.bmp,jp2k,/refimgs/flowersonih35.bmp,76.23532996373504
/jp2k/img88.bmp,jp2k,/refimgs/sailing1.bmp,66.04417836262543
/jp2k/img90.bmp,jp2k,/refimgs/sailing4.bmp,11.324709943682542
/jp2k/img91.bmp,jp2k,/refimgs/lighthouse.bmp,48.72445543811661
/jp2k/img92.bmp,jp2k,/refimgs/statue.bmp,36.65133240523328
/jp2k/img94.bmp,jp2k,/refimgs/manfishing.bmp,30.248805104886298
/jp2k/img96.bmp,jp2k,/refimgs/parrots.bmp,32.255679814123376
/jp2k/img98.bmp,jp2k,/refimgs/cemetry.bmp,42.53855897076394
/jp2k/img99.bmp,jp2k,/refimgs/womanhat.bmp,50.18890942469288
/jp2k/img101.bmp,jp2k,/refimgs/parrots.bmp,10.234730985641717
/jp2k/img102.bmp,jp2k,/refimgs/statue.bmp,6.724372369964853
/jp2k/img103.bmp,jp2k,/refimgs/lighthouse2.bmp,10.088204403320537
/jp2k/img104.bmp,jp2k,/refimgs/woman.bmp,46.68236218261797
/jp2k/img105.bmp,jp2k,/refimgs/monarch.bmp,7.557459980934175
/jp2k/img106.bmp,jp2k,/refimgs/lighthouse.bmp,48.616156673907305
/jp2k/img107.bmp,jp2k,/refimgs/building2.bmp,79.84747926885252
/jp2k/img108.bmp,jp2k,/refimgs/carnivaldolls.bmp,43.661388996745465
/jp2k/img109.bmp,jp2k,/refimgs/sailing3.bmp,35.737358994613274
/jp2k/img111.bmp,jp2k,/refimgs/flowersonih35.bmp,15.82182560398103
/jp2k/img113.bmp,jp2k,/refimgs/plane.bmp,12.564926162224069
/jp2k/img114.bmp,jp2k,/refimgs/lighthouse2.bmp,12.80273252847908
/jp2k/img115.bmp,jp2k,/refimgs/bikes.bmp,67.09045174168914
/jp2k/img116.bmp,jp2k,/refimgs/statue.bmp,46.920148971869075
/jp2k/img120.bmp,jp2k,/refimgs/ocean.bmp,40.33848092661778
/jp2k/img121.bmp,jp2k,/refimgs/manfishing.bmp,91.37246032042904
/jp2k/img122.bmp,jp2k,/refimgs/caps.bmp,58.55909813379443
/jp2k/img124.bmp,jp2k,/refimgs/carnivaldolls.bmp,52.154629253222005
/jp2k/img125.bmp,jp2k,/refimgs/cemetry.bmp,25.723920038887357
/jp2k/img126.bmp,jp2k,/refimgs/rapids.bmp,10.712712959196343
/jp2k/img127.bmp,jp2k,/refimgs/parrots.bmp,74.95826410045794
/jp2k/img129.bmp,jp2k,/refimgs/bikes.bmp,15.242823326616554
/jp2k/img130.bmp,jp2k,/refimgs/sailing3.bmp,42.497069418168
/jp2k/img132.bmp,jp2k,/refimgs/building2.bmp,22.538784832597894
/jp2k/img133.bmp,jp2k,/refimgs/bikes.bmp,40.04985108989743
/jp2k/img135.bmp,jp2k,/refimgs/rapids.bmp,84.91378457435593
/jp2k/img136.bmp,jp2k,/refimgs/sailing1.bmp,33.81064694785772
/jp2k/img137.bmp,jp2k,/refimgs/lighthouse2.bmp,60.61338357551887
/jp2k/img138.bmp,jp2k,/refimgs/sailing2.bmp,56.326747764812794
/jp2k/img141.bmp,jp2k,/refimgs/sailing2.bmp,6.153192300554039
/jp2k/img142.bmp,jp2k,/refimgs/studentsculpture.bmp,43.997702747945745
/jp2k/img143.bmp,jp2k,/refimgs/manfishing.bmp,44.77638094880946
/jp2k/img144.bmp,jp2k,/refimgs/house.bmp,65.45198981342284
/jp2k/img146.bmp,jp2k,/refimgs/rapids.bmp,56.16123888490046
/jp2k/img148.bmp,jp2k,/refimgs/carnivaldolls.bmp,11.469738487437949
/jp2k/img149.bmp,jp2k,/refimgs/lighthouse.bmp,33.11179598113043
/jp2k/img150.bmp,jp2k,/refimgs/woman.bmp,5.325990809336403
/jp2k/img152.bmp,jp2k,/refimgs/woman.bmp,62.748811782630604
/jp2k/img154.bmp,jp2k,/refimgs/sailing3.bmp,68.53124109916048
/jp2k/img155.bmp,jp2k,/refimgs/woman.bmp,81.40061954776587
/jp2k/img156.bmp,jp2k,/refimgs/buildings.bmp,71.45072855297293
/jp2k/img158.bmp,jp2k,/refimgs/parrots.bmp,62.58003608072658
/jp2k/img160.bmp,jp2k,/refimgs/monarch.bmp,58.753804200609366
/jp2k/img162.bmp,jp2k,/refimgs/statue.bmp,12.158282195710305
/jp2k/img163.bmp,jp2k,/refimgs/building2.bmp,49.973083632723416
/jp2k/img164.bmp,jp2k,/refimgs/lighthouse2.bmp,27.122912625267986
/jp2k/img165.bmp,jp2k,/refimgs/dancers.bmp,31.170624384086214
/jp2k/img167.bmp,jp2k,/refimgs/flowersonih35.bmp,53.281983698504845
/jp2k/img168.bmp,jp2k,/refimgs/coinsinfountain.bmp,53.17519436960078
/jp2k/img169.bmp,jp2k,/refimgs/statue.bmp,62.92117133342568
/jp2k/img170.bmp,jp2k,/refimgs/dancers.bmp,50.18659635541299
/jp2k/img171.bmp,jp2k,/refimgs/studentsculpture.bmp,22.217464309979974
/jp2k/img172.bmp,jp2k,/refimgs/sailing4.bmp,85.01806693016354
/jp2k/img173.bmp,jp2k,/refimgs/plane.bmp,19.91475165122249
/jp2k/img174.bmp,jp2k,/refimgs/lighthouse.bmp,8.059516033306664
/jp2k/img175.bmp,jp2k,/refimgs/stream.bmp,85.48562881018704
/jp2k/img176.bmp,jp2k,/refimgs/churchandcapitol.bmp,27.91393339154686
/jp2k/img177.bmp,jp2k,/refimgs/coinsinfountain.bmp,79.8784206214237
/jp2k/img178.bmp,jp2k,/refimgs/cemetry.bmp,57.388156688584395
/jp2k/img179.bmp,jp2k,/refimgs/house.bmp,85.22814758598726
/jp2k/img181.bmp,jp2k,/refimgs/carnivaldolls.bmp,85.99580545278485
/jp2k/img182.bmp,jp2k,/refimgs/coinsinfountain.bmp,40.352299151189534
/jp2k/img183.bmp,jp2k,/refimgs/sailing3.bmp,6.916939669847388
/jp2k/img185.bmp,jp2k,/refimgs/sailing2.bmp,14.884889320853098
/jp2k/img187.bmp,jp2k,/refimgs/house.bmp,29.918572366378626
/jp2k/img191.bmp,jp2k,/refimgs/womanhat.bmp,78.15701680889988
/jp2k/img192.bmp,jp2k,/refimgs/flowersonih35.bmp,36.78304689591696
/jp2k/img193.bmp,jp2k,/refimgs/caps.bmp,64.20563602792637
/jp2k/img194.bmp,jp2k,/refimgs/churchandcapitol.bmp,71.78425770359317
/jp2k/img195.bmp,jp2k,/refimgs/womanhat.bmp,5.069478056203863
/jp2k/img196.bmp,jp2k,/refimgs/paintedhouse.bmp,62.73568208890111
/jp2k/img197.bmp,jp2k,/refimgs/parrots.bmp,46.32614968909792
/jp2k/img198.bmp,jp2k,/refimgs/churchandcapitol.bmp,9.47174568864986
/jp2k/img199.bmp,jp2k,/refimgs/buildings.bmp,5.003953255961413
/jp2k/img200.bmp,jp2k,/refimgs/manfishing.bmp,68.36853015382121
/jp2k/img201.bmp,jp2k,/refimgs/flowersonih35.bmp,91.08313008268816
/jp2k/img202.bmp,jp2k,/refimgs/lighthouse.bmp,75.76154338417216
/jp2k/img203.bmp,jp2k,/refimgs/plane.bmp,41.03176709784689
/jp2k/img205.bmp,jp2k,/refimgs/dancers.bmp,12.300226616537325
/jp2k/img208.bmp,jp2k,/refimgs/monarch.bmp,48.46820552061156
/jp2k/img210.bmp,jp2k,/refimgs/paintedhouse.bmp,26.665408082124763
/jp2k/img211.bmp,jp2k,/refimgs/lighthouse2.bmp,7.2053067303106335
/jp2k/img212.bmp,jp2k,/refimgs/house.bmp,5.5443651518750485
/jp2k/img213.bmp,jp2k,/refimgs/sailing1.bmp,76.06673091499994
/jp2k/img214.bmp,jp2k,/refimgs/sailing1.bmp,7.692346791817004
/jp2k/img215.bmp,jp2k,/refimgs/paintedhouse.bmp,73.31007213059178
/jp2k/img216.bmp,jp2k,/refimgs/building2.bmp,12.116677268629225
/jp2k/img217.bmp,jp2k,/refimgs/stream.bmp,10.13926391720382
/jp2k/img218.bmp,jp2k,/refimgs/studentsculpture.bmp,67.96320399587412
/jp2k/img219.bmp,jp2k,/refimgs/ocean.bmp,72.24909155691115
/jp2k/img220.bmp,jp2k,/refimgs/plane.bmp,70.83986290434612
/jp2k/img221.bmp,jp2k,/refimgs/sailing4.bmp,64.72585217139644
/jp2k/img222.bmp,jp2k,/refimgs/buildings.bmp,31.27751399241848
/jp2k/img225.bmp,jp2k,/refimgs/bikes.bmp,82.73289778928405
/jp2k/img226.bmp,jp2k,/refimgs/womanhat.bmp,55.52000519338216
/jp2k/img227.bmp,jp2k,/refimgs/statue.bmp,70.88031632329826
/jpeg/img1.bmp,jpeg,/refimgs/womanhat.bmp,52.92435457391396
/jpeg/img2.bmp,jpeg,/refimgs/churchandcapitol.bmp,33.283198045948446
/jpeg/img4.bmp,jpeg,/refimgs/churchandcapitol.bmp,87.8267449661924
/jpeg/img8.bmp,jpeg,/refimgs/ocean.bmp,14.344775300339105
/jpeg/img9.bmp,jpeg,/refimgs/rapids.bmp,59.740324313494646
/jpeg/img11.bmp,jpeg,/refimgs/statue.bmp,53.951334760512935
/jpeg/img13.bmp,jpeg,/refimgs/statue.bmp,-0.1946068687639695
/jpeg/img14.bmp,jpeg,/refimgs/carnivaldolls.bmp,4.3268561206949565
/jpeg/img15.bmp,jpeg,/refimgs/sailing4.bmp,41.36730112939379
/jpeg/img16.bmp,jpeg,/refimgs/stream.bmp,47.802510847163155
/jpeg/img17.bmp,jpeg,/refimgs/plane.bmp,4.495168881480339
/jpeg/img18.bmp,jpeg,/refimgs/monarch.bmp,47.28587171756399
/jpeg/img21.bmp,jpeg,/refimgs/churchandcapitol.bmp,50.1232463479616
/jpeg/img23.bmp,jpeg,/refimgs/paintedhouse.bmp,79.95944789006505
/jpeg/img24.bmp,jpeg,/refimgs/caps.bmp,12.56494613089226
/jpeg/img25.bmp,jpeg,/refimgs/plane.bmp,35.4156346289015
/jpeg/img27.bmp,jpeg,/refimgs/flowersonih35.bmp,34.315394671086715
/jpeg/img29.bmp,jpeg,/refimgs/bikes.bmp,63.69072946989886
/jpeg/img30.bmp,jpeg,/refimgs/ocean.bmp,6.601376948035168
/jpeg/img32.bmp,jpeg,/refimgs/parrots.bmp,33.49425871523598
/jpeg/img33.bmp,jpeg,/refimgs/manfishing.bmp,42.614722076241115
/jpeg/img35.bmp,jpeg,/refimgs/rapids.bmp,75.29290636099797
/jpeg/img36.bmp,jpeg,/refimgs/building2.bmp,72.05750190482459
/jpeg/img37.bmp,jpeg,/refimgs/sailing4.bmp,64.6263889750084
/jpeg/img38.bmp,jpeg,/refimgs/sailing3.bmp,18.02857959226172
/jpeg/img39.bmp,jpeg,/refimgs/dancers.bmp,50.40120766199397
/jpeg/img40.bmp,jpeg,/refimgs/plane.bmp,12.654106278200905
/jpeg/img41.bmp,jpeg,/refimgs/dancers.bmp,59.87396522983406
/jpeg/img43.bmp,jpeg,/refimgs/buildings.bmp,41.47905246219578
/jpeg/img44.bmp,jpeg,/refimgs/lighthouse.bmp,38.188770593920424
/jpeg/img45.bmp,jpeg,/refimgs/studentsculpture.bmp,34.439397588231365
/jpeg/img46.bmp,jpeg,/refimgs/cemetry.bmp,72.81442149222269
/jpeg/img47.bmp,jpeg,/refimgs/sailing4.bmp,48.5281572537932
/jpeg/img49.bmp,jpeg,/refimgs/coinsinfountain.bmp,32.754563027118
/jpeg/img50.bmp,jpeg,/refimgs/house.bmp,57.08857633912255
/jpeg/img51.bmp,jpeg,/refimgs/house.bmp,28.94499560527225
/jpeg/img53.bmp,jpeg,/refimgs/studentsculpture.bmp,10.226303647528617
/jpeg/img55.bmp,jpeg,/refimgs/cemetry.bmp,33.240480634782365
/jpeg/img56.bmp,jpeg,/refimgs/paintedhouse.bmp,32.009866412702586
/jpeg/img57.bmp,jpeg,/refimgs/lighthouse.bmp,-2.640015016409613
/jpeg/img58.bmp,jpeg,/refimgs/woman.bmp,10.554131539493454
/jpeg/img59.bmp,jpeg,/refimgs/studentsculpture.bmp,33.58553766172936
/jpeg/img60.bmp,jpeg,/refimgs/building2.bmp,45.8290134752761
/jpeg/img61.bmp,jpeg,/refimgs/dancers.bmp,9.1741835265355
/jpeg/img62.bmp,jpeg,/refimgs/building2.bmp,67.8377118059761
/jpeg/img63.bmp,jpeg,/refimgs/caps.bmp,30.00260877004913
/jpeg/img64.bmp,jpeg,/refimgs/lighthouse2.bmp,3.2142639437019938
/jpeg/img65.bmp,jpeg,/refimgs/woman.bmp,53.38597873417673
/jpeg/img67.bmp,jpeg,/refimgs/sailing2.bmp,21.662276200071243
/jpeg/img69.bmp,jpeg,/refimgs/lighthouse2.bmp,48.86921270308122
/jpeg/img70.bmp,jpeg,/refimgs/statue.bmp,-0.12771347553550072
/jpeg/img71.bmp,jpeg,/refimgs/sailing1.bmp,16.917691044533527
/jpeg/img72.bmp,jpeg,/refimgs/parrots.bmp,12.004960528290615
/jpeg/img73.bmp,jpeg,/refimgs/coinsinfountain.bmp,36.604170671940494
/jpeg/img74.bmp,jpeg,/refimgs/flowersonih35.bmp,5.51411590094478
/jpeg/img75.bmp,jpeg,/refimgs/house.bmp,51.396037516206206
/jpeg/img77.bmp,jpeg,/refimgs/bikes.bmp,53.2796828380246
/jpeg/img78.bmp,jpeg,/refimgs/cemetry.bmp,72.32423365260935
/jpeg/img79.bmp,jpeg,/refimgs/flowersonih35.bmp,89.53004585169111
/jpeg/img80.bmp,jpeg,/refimgs/carnivaldolls.bmp,67.77811693105684
/jpeg/img81.bmp,jpeg,/refimgs/bikes.bmp,43.03955573949191
/jpeg/img83.bmp,jpeg,/refimgs/sailing3.bmp,28.507933641096496
/jpeg/img84.bmp,jpeg,/refimgs/buildings.bmp,46.14680872343399
/jpeg/img85.bmp,jpeg,/refimgs/stream.bmp,64.18240178201884
/jpeg/img86.bmp,jpeg,/refimgs/lighthouse.bmp,42.57624280517876
/jpeg/img89.bmp,jpeg,/refimgs/womanhat.bmp,36.28464855780785
/jpeg/img90.bmp,jpeg,/refimgs/buildings.bmp,42.04320025216914
/jpeg/img91.bmp,jpeg,/refimgs/paintedhouse.bmp,78.97568682896501
/jpeg/img92.bmp,jpeg,/refimgs/manfishing.bmp,48.374698862001935
/jpeg/img93.bmp,jpeg,/refimgs/manfishing.bmp,58.58968413933341
/jpeg/img94.bmp,jpeg,/refimgs/monarch.bmp,14.62195076567486
/jpeg/img96.bmp,jpeg,/refimgs/monarch.bmp,3.9212125972238567
/jpeg/img97.bmp,jpeg,/refimgs/lighthouse2.bmp,5.308643571535106
/jpeg/img98.bmp,jpeg,/refimgs/ocean.bmp,19.871604986952036
/jpeg/img99.bmp,jpeg,/refimgs/sailing2.bmp,42.27140041690989
/jpeg/img100.bmp,jpeg,/refimgs/stream.bmp,81.2026938220347
/jpeg/img101.bmp,jpeg,/refimgs/coinsinfountain.bmp,10.252515880885852
/jpeg/img102.bmp,jpeg,/refimgs/sailing1.bmp,14.726130517984881
/jpeg/img103.bmp,jpeg,/refimgs/parrots.bmp,37.78061796136218
/jpeg/img104.bmp,jpeg,/refimgs/carnivaldolls.bmp,67.40278120147042
/jpeg/img105.bmp,jpeg,/refimgs/caps.bmp,33.96635629198161
/jpeg/img106.bmp,jpeg,/refimgs/sailing1.bmp,3.2197367648266635
/jpeg/img107.bmp,jpeg,/refimgs/womanhat.bmp,25.838179142983087
/jpeg/img108.bmp,jpeg,/refimgs/sailing3.bmp,53.61612003847755
/jpeg/img110.bmp,jpeg,/refimgs/rapids.bmp,40.31319279513049
/jpeg/img111.bmp,jpeg,/refimgs/sailing2.bmp,36.93677274719239
/jpeg/img116.bmp,jpeg,/refimgs/woman.bmp,8.406881996436613
/jpeg/img117.bmp,jpeg,/refimgs/cemetry.bmp,24.492692678265385
/jpeg/img119.bmp,jpeg,/refimgs/dancers.bmp,36.46779215661733
/jpeg/img120.bmp,jpeg,/refimgs/house.bmp,13.720589197831565
/jpeg/img121.bmp,jpeg,/refimgs/sailing1.bmp,46.66155445738275
/jpeg/img124.bmp,jpeg,/refimgs/sailing2.bmp,91.8585232966015
/jpeg/img126.bmp,jpeg,/refimgs/caps.bmp,91.83072941409384
/jpeg/img127.bmp,jpeg,/refimgs/studentsculpture.bmp,90.06909938102646
/jpeg/img128.bmp,jpeg,/refimgs/cemetry.bmp,52.32392778595445
/jpeg/img129.bmp,jpeg,/refimgs/coinsinfountain.bmp,76.55613665524052
/jpeg/img130.bmp,jpeg,/refimgs/statue.bmp,11.018019466557467
/jpeg/img131.bmp,jpeg,/refimgs/lighthouse.bmp,89.84228100588447
/jpeg/img132.bmp,jpeg,/refimgs/churchandcapitol.bmp,11.715638159970881
/jpeg/img134.bmp,jpeg,/refimgs/flowersonih35.bmp,72.35535092106369
/jpeg/img135.bmp,jpeg,/refimgs/manfishing.bmp,8.62310279882778
/jpeg/img137.bmp,jpeg,/refimgs/stream.bmp,9.808299742983456
/jpeg/img138.bmp,jpeg,/refimgs/womanhat.bmp,94.52975239220281
/jpeg/img141.bmp,jpeg,/refimgs/lighthouse2.bmp,14.731573993200831
/jpeg/img143.bmp,jpeg,/refimgs/ocean.bmp,6.837113454327478
/jpeg/img144.bmp,jpeg,/refimgs/sailing2.bmp,8.547930933970449
/jpeg/img145.bmp,jpeg,/refimgs/sailing3.bmp,100.24091440063673
/jpeg/img146.bmp,jpeg,/refimgs/rapids.bmp,26.185666958535705
/jpeg/img147.bmp,jpeg,/refimgs/house.bmp,100.91708991281492
/jpeg/img148.bmp,jpeg,/refimgs/manfishing.bmp,92.90511853394918
/jpeg/img149.bmp,jpeg,/refimgs/parrots.bmp,63.468634087583865
/jpeg/img150.bmp,jpeg,/refimgs/woman.bmp,27.26197443015057
/jpeg/img151.bmp,jpeg,/refimgs/house.bmp,8.066866303180433
/jpeg/img152.bmp,jpeg,/refimgs/paintedhouse.bmp,55.044428947894275
/jpeg/img154.bmp,jpeg,/refimgs/womanhat.bmp,97.50877362944289
/jpeg/img156.bmp,jpeg,/refimgs/ocean.bmp,59.64918850292218
/jpeg/img157.bmp,jpeg,/refimgs/buildings.bmp,13.703159478546445
/jpeg/img159.bmp,jpeg,/refimgs/caps.bmp,91.34350033825855
/jpeg/img160.bmp,jpeg,/refimgs/house.bmp,95.51848457226141
/jpeg/img161.bmp,jpeg,/refimgs/lighthouse.bmp,90.43420904041339
/jpeg/img162.bmp,jpeg,/refimgs/buildings.bmp,88.14234661943544
/jpeg/img163.bmp,jpeg,/refimgs/buildings.bmp,28.82198937397437
/jpeg/img164.bmp,jpeg,/refimgs/ocean.bmp,108.77257436149551
/jpeg/img165.bmp,jpeg,/refimgs/plane.bmp,58.33517061917775
/jpeg/img166.bmp,jpeg,/refimgs/sailing4.bmp,95.0385986077363
/jpeg/img167.bmp,jpeg,/refimgs/woman.bmp,75.99002346051728
/jpeg/img168.bmp,jpeg,/refimgs/womanhat.bmp,11.312092615683751
/jpeg/img170.bmp,jpeg,/refimgs/monarch.bmp,83.55329291418636
/jpeg/img171.bmp,jpeg,/refimgs/building2.bmp,18.143107738796367
/jpeg/img174.bmp,jpeg,/refimgs/manfishing.bmp,19.465821038563053
/jpeg/img175.bmp,jpeg,/refimgs/sailing1.bmp,70.5024438489717
/jpeg/img176.bmp,jpeg,/refimgs/carnivaldolls.bmp,90.00784725087408
/jpeg/img177.bmp,jpeg,/refimgs/sailing2.bmp,89.89062469317183
/jpeg/img178.bmp,jpeg,/refimgs/monarch.bmp,25.22278582613156
/jpeg/img180.bmp,jpeg,/refimgs/studentsculpture.bmp,91.24663994961544
/jpeg/img181.bmp,jpeg,/refimgs/lighthouse2.bmp,78.16782270134613
/jpeg/img183.bmp,jpeg,/refimgs/bikes.bmp,84.88609788754107
/jpeg/img184.bmp,jpeg,/refimgs/coinsinfountain.bmp,92.5252089512462
/jpeg/img185.bmp,jpeg,/refimgs/stream.bmp,26.71821304692204
/jpeg/img186.bmp,jpeg,/refimgs/dancers.bmp,89.23441705756257
/jpeg/img187.bmp,jpeg,/refimgs/dancers.bmp,91.61747826509418
/jpeg/img188.bmp,jpeg,/refimgs/bikes.bmp,83.0335894331227
/jpeg/img192.bmp,jpeg,/refimgs/building2.bmp,93.03653291816838
/jpeg/img194.bmp,jpeg,/refimgs/ocean.bmp,34.60644513743412
/jpeg/img195.bmp,jpeg,/refimgs/churchandcapitol.bmp,97.24677520689924
/jpeg/img196.bmp,jpeg,/refimgs/parrots.bmp,91.59067046472401
/jpeg/img197.bmp,jpeg,/refimgs/sailing4.bmp,94.63456567363843
/jpeg/img198.bmp,jpeg,/refimgs/flowersonih35.bmp,16.644122962021108
/jpeg/img199.bmp,jpeg,/refimgs/rapids.bmp,95.80804387069
/jpeg/img200.bmp,jpeg,/refimgs/studentsculpture.bmp,63.30761338204381
/jpeg/img201.bmp,jpeg,/refimgs/plane.bmp,88.92048271630968
/jpeg/img203.bmp,jpeg,/refimgs/bikes.bmp,28.5502551905385
/jpeg/img204.bmp,jpeg,/refimgs/buildings.bmp,89.6422329700044
/jpeg/img205.bmp,jpeg,/refimgs/building2.bmp,88.22093282138451
/jpeg/img206.bmp,jpeg,/refimgs/sailing3.bmp,11.739931694595015
/jpeg/img207.bmp,jpeg,/refimgs/caps.bmp,70.02463837460914
/jpeg/img209.bmp,jpeg,/refimgs/monarch.bmp,88.77366918617132
/jpeg/img210.bmp,jpeg,/refimgs/sailing1.bmp,97.4281023182101
/jpeg/img213.bmp,jpeg,/refimgs/cemetry.bmp,85.98716482193281
/jpeg/img214.bmp,jpeg,/refimgs/sailing4.bmp,14.430548416582262
/jpeg/img215.bmp,jpeg,/refimgs/paintedhouse.bmp,102.70082156574152
/jpeg/img216.bmp,jpeg,/refimgs/carnivaldolls.bmp,20.934069322543586
/jpeg/img217.bmp,jpeg,/refimgs/stream.bmp,101.27286341299556
/jpeg/img218.bmp,jpeg,/refimgs/statue.bmp,92.65269870718299
/jpeg/img220.bmp,jpeg,/refimgs/woman.bmp,88.66925863108537
/jpeg/img221.bmp,jpeg,/refimgs/statue.bmp,93.81353439730438
/jpeg/img223.bmp,jpeg,/refimgs/sailing3.bmp,99.9719981674867
/jpeg/img225.bmp,jpeg,/refimgs/building2.bmp,32.713131566176116
/jpeg/img226.bmp,jpeg,/refimgs/bikes.bmp,17.780629548804892
/jpeg/img228.bmp,jpeg,/refimgs/paintedhouse.bmp,15.783100447893545
/jpeg/img229.bmp,jpeg,/refimgs/flowersonih35.bmp,73.10480214469187
/jpeg/img230.bmp,jpeg,/refimgs/coinsinfountain.bmp,90.88434462872809
/jpeg/img231.bmp,jpeg,/refimgs/lighthouse.bmp,13.033490455438153
/jpeg/img232.bmp,jpeg,/refimgs/lighthouse2.bmp,93.19974618228805
/jpeg/img233.bmp,jpeg,/refimgs/parrots.bmp,87.78082391853037
/wn/img1.bmp,wn,/refimgs/monarch.bmp,29.046539717856692
/wn/img2.bmp,wn,/refimgs/stream.bmp,64.7619409950328
/wn/img3.bmp,wn,/refimgs/womanhat.bmp,44.781930707656905
/wn/img4.bmp,wn,/refimgs/buildings.bmp,105.36416799729716
/wn/img5.bmp,wn,/refimgs/sailing3.bmp,18.148429410111877
/wn/img6.bmp,wn,/refimgs/lighthouse2.bmp,28.910343961732284
/wn/img7.bmp,wn,/refimgs/woman.bmp,67.62651762533173
/wn/img8.bmp,wn,/refimgs/coinsinfountain.bmp,15.537140817336704
/wn/img9.bmp,wn,/refimgs/cemetry.bmp,63.02744749154707
/wn/img10.bmp,wn,/refimgs/plane.bmp,33.4482460351677
/wn/img11.bmp,wn,/refimgs/womanhat.bmp,23.03858179465982
/wn/img12.bmp,wn,/refimgs/sailing2.bmp,46.191362019861835
/wn/img13.bmp,wn,/refimgs/churchandcapitol.bmp,21.927888248041906
/wn/img14.bmp,wn,/refimgs/carnivaldolls.bmp,14.775415943838567
/wn/img15.bmp,wn,/refimgs/dancers.bmp,93.91355403240952
/wn/img16.bmp,wn,/refimgs/studentsculpture.bmp,40.79594818906652
/wn/img17.bmp,wn,/refimgs/monarch.bmp,51.40668483117005
/wn/img18.bmp,wn,/refimgs/churchandcapitol.bmp,35.32176832792063
/wn/img19.bmp,wn,/refimgs/studentsculpture.bmp,13.494986288484716
/wn/img20.bmp,wn,/refimgs/churchandcapitol.bmp,111.7746935263145
/wn/img21.bmp,wn,/refimgs/ocean.bmp,61.68100151802293
/wn/img22.bmp,wn,/refimgs/parrots.bmp,29.05160906556435
/wn/img23.bmp,wn,/refimgs/cemetry.bmp,109.62708401221435
/wn/img24.bmp,wn,/refimgs/coinsinfountain.bmp,94.03481633826048
/wn/img25.bmp,wn,/refimgs/statue.bmp,49.834234045635604
/wn/img26.bmp,wn,/refimgs/paintedhouse.bmp,61.62614194844081
/wn/img27.bmp,wn,/refimgs/dancers.bmp,47.72741274693893
/wn/img28.bmp,wn,/refimgs/womanhat.bmp,58.410455839845966
/wn/img29.bmp,wn,/refimgs/bikes.bmp,74.63568549300159
/wn/img30.bmp,wn,/refimgs/dancers.bmp,33.19702721082979
/wn/img31.bmp,wn,/refimgs/coinsinfountain.bmp,27.514599031681424
/wn/img32.bmp,wn,/refimgs/lighthouse2.bmp,60.279653917465154
/wn/img33.bmp,wn,/refimgs/woman.bmp,102.7236854663197
/wn/img34.bmp,wn,/refimgs/monarch.bmp,94.4100904010743
/wn/img35.bmp,wn,/refimgs/woman.bmp,38.08779776015425
/wn/img36.bmp,wn,/refimgs/building2.bmp,71.21218202942677
/wn/img37.bmp,wn,/refimgs/manfishing.bmp,28.61718835941552
/wn/img38.bmp,wn,/refimgs/house.bmp,66.53165048509287
/wn/img39.bmp,wn,/refimgs/paintedhouse.bmp,71.76021293669349
/wn/img40.bmp,wn,/refimgs/lighthouse.bmp,48.059938845028476
/wn/img41.bmp,wn,/refimgs/manfishing.bmp,100.23878414456692
/wn/img42.bmp,wn,/refimgs/ocean.bmp,107.65033077751622
/wn/img43.bmp,wn,/refimgs/lighthouse.bmp,20.295948373068647
/wn/img44.bmp,wn,/refimgs/studentsculpture.bmp,72.84561785296995
/wn/img45.bmp,wn,/refimgs/cemetry.bmp,26.989633874164532
/wn/img46.bmp,wn,/refimgs/buildings.bmp,37.34149613580173
/wn/img47.bmp,wn,/refimgs/carnivaldolls.bmp,104.4080160510155
/wn/img48.bmp,wn,/refimgs/building2.bmp,34.5029166994517
/wn/img49.bmp,wn,/refimgs/flowersonih35.bmp,75.24580813266999
/wn/img50.bmp,wn,/refimgs/dancers.bmp,79.43613206888192
/wn/img51.bmp,wn,/refimgs/dancers.bmp,73.83502971471134
/wn/img52.bmp,wn,/refimgs/sailing1.bmp,97.51209513726755
/wn/img53.bmp,wn,/refimgs/flowersonih35.bmp,95.34370094075176
/wn/img54.bmp,wn,/refimgs/house.bmp,20.5274846951256
/wn/img55.bmp,wn,/refimgs/statue.bmp,36.47563691526853
/wn/img56.bmp,wn,/refimgs/sailing1.bmp,35.64458484067259
/wn/img57.bmp,wn,/refimgs/studentsculpture.bmp,97.69957653577356
/wn/img58.bmp,wn,/refimgs/sailing3.bmp,106.3698573635383
/wn/img59.bmp,wn,/refimgs/manfishing.bmp,11.037306278232426
/wn/img60.bmp,wn,/refimgs/womanhat.bmp,97.6569824141498
/wn/img61.bmp,wn,/refimgs/buildings.bmp,78.47085391287106
/wn/img62.bmp,wn,/refimgs/churchandcapitol.bmp,62.92970737500086
/wn/img63.bmp,wn,/refimgs/cemetry.bmp,41.035510546118466
/wn/img64.bmp,wn,/refimgs/caps.bmp,18.611094569023106
/wn/img65.bmp,wn,/refimgs/cemetry.bmp,70.94998870953438
/wn/img66.bmp,wn,/refimgs/lighthouse.bmp,99.45910509660351
/wn/img67.bmp,wn,/refimgs/parrots.bmp,47.448425404325114
/wn/img68.bmp,wn,/refimgs/bikes.bmp,45.8290789858312
/wn/img69.bmp,wn,/refimgs/parrots.bmp,61.6158088994382
/wn/img70.bmp,wn,/refimgs/house.bmp,41.31695798429712
/wn/img71.bmp,wn,/refimgs/carnivaldolls.bmp,63.45931896527788
/wn/img72.bmp,wn,/refimgs/flowersonih35.bmp,45.00432810746642
/wn/img73.bmp,wn,/refimgs/manfishing.bmp,69.02754430690878
/wn/img74.bmp,wn,/refimgs/rapids.bmp,54.62805994606418
/wn/img75.bmp,wn,/refimgs/parrots.bmp,15.271352054362955
/wn/img76.bmp,wn,/refimgs/sailing1.bmp,20.007483290527425
/wn/img77.bmp,wn,/refimgs/rapids.bmp,94.20486814584288
/wn/img78.bmp,wn,/refimgs/plane.bmp,15.388646901982973
/wn/img79.bmp,wn,/refimgs/sailing1.bmp,55.06753054284376
/wn/img80.bmp,wn,/refimgs/caps.bmp,97.26947157983709
/wn/img81.bmp,wn,/refimgs/sailing2.bmp,21.61052934761817
/wn/img82.bmp,wn,/refimgs/monarch.bmp,21.19528302848048
/wn/img83.bmp,wn,/refimgs/house.bmp,71.54037129415151
/wn/img84.bmp,wn,/refimgs/sailing3.bmp,31.24987494201788
/wn/img85.bmp,wn,/refimgs/statue.bmp,13.666943331193623
/wn/img86.bmp,wn,/refimgs/sailing4.bmp,57.39305471032276
/wn/img87.bmp,wn,/refimgs/bikes.bmp,105.10166413396246
/wn/img88.bmp,wn,/refimgs/stream.bmp,39.10614097745931
/wn/img89.bmp,wn,/refimgs/sailing3.bmp,57.538603283146436
/wn/img90.bmp,wn,/refimgs/carnivaldolls.bmp,39.71346655802711
/wn/img91.bmp,wn,/refimgs/statue.bmp,67.19437758924813
/wn/img92.bmp,wn,/refimgs/coinsinfountain.bmp,69.06535116986018
/wn/img93.bmp,wn,/refimgs/churchandcapitol.bmp,73.54583611585835
/wn/img94.bmp,wn,/refimgs/paintedhouse.bmp,106.81758994591208
/wn/img95.bmp,wn,/refimgs/bikes.bmp,23.508406616286702
/wn/img96.bmp,wn,/refimgs/lighthouse.bmp,69.26005385452565
/wn/img97.bmp,wn,/refimgs/bikes.bmp,65.70698388517809
/wn/img98.bmp,wn,/refimgs/woman.bmp,13.266839820800245
/wn/img99.bmp,wn,/refimgs/ocean.bmp,12.13783390983034
/wn/img100.bmp,wn,/refimgs/sailing4.bmp,38.59568763401872
/wn/img101.bmp,wn,/refimgs/rapids.bmp,11.166482886698198
/wn/img102.bmp,wn,/refimgs/building2.bmp,50.194325232236274
/wn/img103.bmp,wn,/refimgs/buildings.bmp,22.88487105130493
/wn/img104.bmp,wn,/refimgs/parrots.bmp,99.6615285081197
/wn/img105.bmp,wn,/refimgs/plane.bmp,93.86859240789695
/wn/img106.bmp,wn,/refimgs/stream.bmp,77.63344919424672
/wn/img107.bmp,wn,/refimgs/rapids.bmp,33.63370982301589
/wn/img108.bmp,wn,/refimgs/lighthouse2.bmp,55.535575649060156
/wn/img109.bmp,wn,/refimgs/house.bmp,58.66034224093096
/wn/img110.bmp,wn,/refimgs/caps.bmp,51.67024428176386
/wn/img111.bmp,wn,/refimgs/paintedhouse.bmp,43.29801630982693
/wn/img112.bmp,wn,/refimgs/studentsculpture.bmp,62.69095740904541
/wn/img113.bmp,wn,/refimgs/sailing2.bmp,97.92469225647717
/wn/img114.bmp,wn,/refimgs/lighthouse.bmp,35.707955518206724
/wn/img115.bmp,wn,/refimgs/woman.bmp,57.98572759381551
/wn/img116.bmp,wn,/refimgs/rapids.bmp,67.4653416344695
/wn/img117.bmp,wn,/refimgs/sailing2.bmp,28.79734485795999
/wn/img118.bmp,wn,/refimgs/ocean.bmp,37.944107183148475
/wn/img119.bmp,wn,/refimgs/womanhat.bmp,65.07828999287852
/wn/img120.bmp,wn,/refimgs/ocean.bmp,69.44972429947218
/wn/img121.bmp,wn,/refimgs/building2.bmp,76.0908192258521
/wn/img122.bmp,wn,/refimgs/flowersonih35.bmp,70.58976221156999
/wn/img123.bmp,wn,/refimgs/sailing3.bmp,63.306300492801284
/wn/img124.bmp,wn,/refimgs/coinsinfountain.bmp,61.46371806749249
/wn/img125.bmp,wn,/refimgs/lighthouse2.bmp,15.99846593228188
/wn/img126.bmp,wn,/refimgs/sailing4.bmp,63.70334289249129
/wn/img127.bmp,wn,/refimgs/sailing4.bmp,15.147108587135826
/wn/img128.bmp,wn,/refimgs/sailing2.bmp,62.99129769303974
/wn/img129.bmp,wn,/refimgs/plane.bmp,64.69701933079591
/wn/img130.bmp,wn,/refimgs/buildings.bmp,70.50327694656923
/wn/img131.bmp,wn,/refimgs/stream.bmp,89.07333452953819
/wn/img132.bmp,wn,/refimgs/caps.bmp,38.08510135616129
/wn/img133.bmp,wn,/refimgs/flowersonih35.bmp,13.772809998423078
/wn/img134.bmp,wn,/refimgs/sailing4.bmp,70.6450297294693
/wn/img135.bmp,wn,/refimgs/carnivaldolls.bmp,67.63968110982358
/wn/img136.bmp,wn,/refimgs/building2.bmp,106.17335732260668
/wn/img137.bmp,wn,/refimgs/lighthouse2.bmp,102.01544839638245
/wn/img138.bmp,wn,/refimgs/stream.bmp,22.149317346230504
/wn/img139.bmp,wn,/refimgs/plane.bmp,52.698631554354684
/wn/img140.bmp,wn,/refimgs/monarch.bmp,65.20626170587539
/wn/img141.bmp,wn,/refimgs/sailing1.bmp,64.80613405230143
/wn/img142.bmp,wn,/refimgs/paintedhouse.bmp,23.36593263189477
/wn/img143.bmp,wn,/refimgs/manfishing.bmp,61.988534064946954
/wn/img144.bmp,wn,/refimgs/caps.bmp,63.45183048855342
/wn/img145.bmp,wn,/refimgs/statue.bmp,98.27070283202306
/gblur/img1.bmp,gblur,/refimgs/caps.bmp,42.12776536144956
/gblur/img2.bmp,gblur,/refimgs/churchandcapitol.bmp,37.46272032254694
/gblur/img3.bmp,gblur,/refimgs/monarch.bmp,43.26456018535141
/gblur/img4.bmp,gblur,/refimgs/lighthouse.bmp,19.510097084325167
/gblur/img5.bmp,gblur,/refimgs/plane.bmp,72.82942220542719
/gblur/img6.bmp,gblur,/refimgs/carnivaldolls.bmp,54.79584980310996
/gblur/img7.bmp,gblur,/refimgs/buildings.bmp,28.45923879344707
/gblur/img8.bmp,gblur,/refimgs/building2.bmp,28.18091287230873
/gblur/img9.bmp,gblur,/refimgs/rapids.bmp,23.835066695034218
/gblur/img10.bmp,gblur,/refimgs/sailing2.bmp,89.72374712250675
/gblur/img11.bmp,gblur,/refimgs/monarch.bmp,83.26954044809331
/gblur/img12.bmp,gblur,/refimgs/parrots.bmp,23.747800588472252
/gblur/img13.bmp,gblur,/refimgs/cemetry.bmp,30.514445202895608
/gblur/img14.bmp,gblur,/refimgs/manfishing.bmp,33.317365184485546
/gblur/img15.bmp,gblur,/refimgs/lighthouse.bmp,43.371393473652745
/gblur/img16.bmp,gblur,/refimgs/manfishing.bmp,63.38193548306186
/gblur/img17.bmp,gblur,/refimgs/rapids.bmp,88.2534145757322
/gblur/img18.bmp,gblur,/refimgs/stream.bmp,32.28879443889066
/gblur/img19.bmp,gblur,/refimgs/coinsinfountain.bmp,53.1730822979176
/gblur/img20.bmp,gblur,/refimgs/studentsculpture.bmp,41.4683726766827
/gblur/img21.bmp,gblur,/refimgs/dancers.bmp,39.157564151102406
/gblur/img22.bmp,gblur,/refimgs/coinsinfountain.bmp,47.539839513629076
/gblur/img23.bmp,gblur,/refimgs/paintedhouse.bmp,19.81956588915427
/gblur/img24.bmp,gblur,/refimgs/lighthouse.bmp,93.40865465910048
/gblur/img25.bmp,gblur,/refimgs/building2.bmp,60.859089080309566
/gblur/img26.bmp,gblur,/refimgs/bikes.bmp,43.117522915460356
/gblur/img27.bmp,gblur,/refimgs/carnivaldolls.bmp,32.455334690240214
/gblur/img28.bmp,gblur,/refimgs/caps.bmp,22.96359302071471
/gblur/img29.bmp,gblur,/refimgs/rapids.bmp,29.707112621076355
/gblur/img30.bmp,gblur,/refimgs/plane.bmp,50.782891102956455
/gblur/img31.bmp,gblur,/refimgs/parrots.bmp,52.1680931480972
/gblur/img32.bmp,gblur,/refimgs/coinsinfountain.bmp,20.42170138535499
/gblur/img33.bmp,gblur,/refimgs/building2.bmp,37.06966908699679
/gblur/img34.bmp,gblur,/refimgs/rapids.bmp,46.758614937312146
/gblur/img35.bmp,gblur,/refimgs/sailing1.bmp,29.946921048434998
/gblur/img36.bmp,gblur,/refimgs/womanhat.bmp,49.3887315611896
/gblur/img37.bmp,gblur,/refimgs/monarch.bmp,55.798596971221905
/gblur/img38.bmp,gblur,/refimgs/studentsculpture.bmp,49.57258124925822
/gblur/img39.bmp,gblur,/refimgs/paintedhouse.bmp,35.163418897152994
/gblur/img40.bmp,gblur,/refimgs/bikes.bmp,59.72797575732214
/gblur/img41.bmp,gblur,/refimgs/dancers.bmp,64.24080369440135
/gblur/img42.bmp,gblur,/refimgs/womanhat.bmp,37.61345259412877
/gblur/img43.bmp,gblur,/refimgs/sailing2.bmp,41.362983897295436
/gblur/img44.bmp,gblur,/refimgs/studentsculpture.bmp,26.588236919388127
/gblur/img45.bmp,gblur,/refimgs/buildings.bmp,21.680338672475234
/gblur/img46.bmp,gblur,/refimgs/sailing1.bmp,21.371735741278783
/gblur/img47.bmp,gblur,/refimgs/manfishing.bmp,48.37779845595415
/gblur/img48.bmp,gblur,/refimgs/sailing2.bmp,57.040994158487464
/gblur/img49.bmp,gblur,/refimgs/house.bmp,35.511076424494355
/gblur/img50.bmp,gblur,/refimgs/stream.bmp,46.66501375774308
/gblur/img51.bmp,gblur,/refimgs/dancers.bmp,21.90766424535399
/gblur/img52.bmp,gblur,/refimgs/carnivaldolls.bmp,68.54058128580095
/gblur/img53.bmp,gblur,/refimgs/lighthouse2.bmp,59.567814555450866
/gblur/img54.bmp,gblur,/refimgs/statue.bmp,59.07594073978924
/gblur/img55.bmp,gblur,/refimgs/lighthouse2.bmp,50.30002190258614
/gblur/img56.bmp,gblur,/refimgs/parrots.bmp,37.036638061343275
/gblur/img57.bmp,gblur,/refimgs/ocean.bmp,53.61327167321998
/gblur/img58.bmp,gblur,/refimgs/stream.bmp,72.8739493156902
/gblur/img59.bmp,gblur,/refimgs/carnivaldolls.bmp,43.22494778304786
/gblur/img60.bmp,gblur,/refimgs/bikes.bmp,20.19888494169012
/gblur/img61.bmp,gblur,/refimgs/womanhat.bmp,26.8104249250671
/gblur/img62.bmp,gblur,/refimgs/buildings.bmp,33.289587739887395
/gblur/img63.bmp,gblur,/refimgs/plane.bmp,18.638782031279455
/gblur/img64.bmp,gblur,/refimgs/woman.bmp,38.730110284620814
/gblur/img65.bmp,gblur,/refimgs/flowersonih35.bmp,41.545771647487356
/gblur/img66.bmp,gblur,/refimgs/churchandcapitol.bmp,58.912491454882996
/gblur/img67.bmp,gblur,/refimgs/manfishing.bmp,22.83897810739422
/gblur/img68.bmp,gblur,/refimgs/woman.bmp,64.7162926008737
/gblur/img69.bmp,gblur,/refimgs/parrots.bmp,79.75902400389953
/gblur/img70.bmp,gblur,/refimgs/caps.bmp,75.36497201033434
/gblur/img71.bmp,gblur,/refimgs/stream.bmp,20.38173195806504
/gblur/img72.bmp,gblur,/refimgs/sailing2.bmp,47.86237098807869
/gblur/img73.bmp,gblur,/refimgs/buildings.bmp,60.10697150963521
/gblur/img74.bmp,gblur,/refimgs/sailing1.bmp,40.949530324420536
/gblur/img75.bmp,gblur,/refimgs/lighthouse2.bmp,42.418404613662226
/gblur/img76.bmp,gblur,/refimgs/sailing4.bmp,40.31616322660909
/gblur/img77.bmp,gblur,/refimgs/statue.bmp,40.772537684251255
/gblur/img78.bmp,gblur,/refimgs/manfishing.bmp,67.58397974933878
/gblur/img79.bmp,gblur,/refimgs/sailing3.bmp,38.20797002000904
/gblur/img80.bmp,gblur,/refimgs/building2.bmp,42.393658246536816
/gblur/img81.bmp,gblur,/refimgs/paintedhouse.bmp,46.51061125048729
/gblur/img82.bmp,gblur,/refimgs/womanhat.bmp,21.322050993497648
/gblur/img83.bmp,gblur,/refimgs/cemetry.bmp,64.73522264796104
/gblur/img84.bmp,gblur,/refimgs/sailing2.bmp,26.21419093598192
/gblur/img85.bmp,gblur,/refimgs/flowersonih35.bmp,56.26738404397514
/gblur/img86.bmp,gblur,/refimgs/plane.bmp,37.33774883126228
/gblur/img87.bmp,gblur,/refimgs/flowersonih35.bmp,38.07307012751651
/gblur/img88.bmp,gblur,/refimgs/caps.bmp,65.58275601959906
/gblur/img89.bmp,gblur,/refimgs/sailing4.bmp,30.699919723279706
/gblur/img90.bmp,gblur,/refimgs/flowersonih35.bmp,20.69642513725109
/gblur/img91.bmp,gblur,/refimgs/churchandcapitol.bmp,48.86374565914097
/gblur/img92.bmp,gblur,/refimgs/ocean.bmp,22.85851059949997
/gblur/img93.bmp,gblur,/refimgs/dancers.bmp,45.65407108816057
/gblur/img94.bmp,gblur,/refimgs/house.bmp,24.308644535333123
/gblur/img95.bmp,gblur,/refimgs/carnivaldolls.bmp,17.156424264142174
/gblur/img96.bmp,gblur,/refimgs/monarch.bmp,21.419440237228148
/gblur/img97.bmp,gblur,/refimgs/lighthouse.bmp,52.89921636764908
/gblur/img98.bmp,gblur,/refimgs/statue.bmp,26.937979341146512
/gblur/img99.bmp,gblur,/refimgs/woman.bmp,59.437682432751856
/gblur/img100.bmp,gblur,/refimgs/studentsculpture.bmp,55.990997227875106
/gblur/img101.bmp,gblur,/refimgs/coinsinfountain.bmp,26.079483169620147
/gblur/img102.bmp,gblur,/refimgs/lighthouse.bmp,33.02457411335329
/gblur/img103.bmp,gblur,/refimgs/monarch.bmp,41.62202095479563
/gblur/img104.bmp,gblur,/refimgs/churchandcapitol.bmp,90.83144264010387
/gblur/img105.bmp,gblur,/refimgs/parrots.bmp,69.29558963921917
/gblur/img106.bmp,gblur,/refimgs/ocean.bmp,27.43814252019736
/gblur/img107.bmp,gblur,/refimgs/flowersonih35.bmp,73.06324854706611
/gblur/img108.bmp,gblur,/refimgs/studentsculpture.bmp,20.98121105422193
/gblur/img109.bmp,gblur,/refimgs/cemetry.bmp,43.64868973704411
/gblur/img110.bmp,gblur,/refimgs/paintedhouse.bmp,43.59300169983794
/gblur/img111.bmp,gblur,/refimgs/sailing3.bmp,25.460838626161923
/gblur/img112.bmp,gblur,/refimgs/bikes.bmp,29.841330546597327
/gblur/img113.bmp,gblur,/refimgs/house.bmp,45.10971717685528
/gblur/img114.bmp,gblur,/refimgs/sailing3.bmp,52.28325784113922
/gblur/img115.bmp,gblur,/refimgs/caps.bmp,57.78121193545228
/gblur/img116.bmp,gblur,/refimgs/paintedhouse.bmp,86.27444720136724
/gblur/img117.bmp,gblur,/refimgs/ocean.bmp,84.55564220108053
/gblur/img118.bmp,gblur,/refimgs/lighthouse2.bmp,70.26112633028697
/gblur/img119.bmp,gblur,/refimgs/ocean.bmp,40.38463431058607
/gblur/img120.bmp,gblur,/refimgs/statue.bmp,71.84453613923938
/gblur/img121.bmp,gblur,/refimgs/sailing4.bmp,74.66704277991492
/gblur/img122.bmp,gblur,/refimgs/house.bmp,38.00905599942657
/gblur/img123.bmp,gblur,/refimgs/coinsinfountain.bmp,61.34681958598289
/gblur/img124.bmp,gblur,/refimgs/sailing3.bmp,64.71710859945146
/gblur/img125.bmp,gblur,/refimgs/sailing1.bmp,68.01663301489151
/gblur/img126.bmp,gblur,/refimgs/stream.bmp,36.500022232692096
/gblur/img127.bmp,gblur,/refimgs/sailing4.bmp,53.3056408516122
/gblur/img128.bmp,gblur,/refimgs/dancers.bmp,58.029157650362365
/gblur/img129.bmp,gblur,/refimgs/bikes.bmp,29.31846908583694
/gblur/img130.bmp,gblur,/refimgs/sailing1.bmp,49.54061655633064
/gblur/img131.bmp,gblur,/refimgs/statue.bmp,55.58421109930024
/gblur/img132.bmp,gblur,/refimgs/womanhat.bmp,64.12525460567022
/gblur/img133.bmp,gblur,/refimgs/lighthouse2.bmp,24.912863617628588
/gblur/img134.bmp,gblur,/refimgs/buildings.bmp,48.9556445410761
/gblur/img135.bmp,gblur,/refimgs/cemetry.bmp,47.96322103017179
/gblur/img136.bmp,gblur,/refimgs/sailing4.bmp,30.421692883229102
/gblur/img137.bmp,gblur,/refimgs/building2.bmp,17.750595646159454
/gblur/img138.bmp,gblur,/refimgs/house.bmp,73.01791251884717
/gblur/img139.bmp,gblur,/refimgs/plane.bmp,64.55945570551016
/gblur/img140.bmp,gblur,/refimgs/woman.bmp,39.758967595843245
/gblur/img141.bmp,gblur,/refimgs/rapids.bmp,56.674484592012575
/gblur/img142.bmp,gblur,/refimgs/churchandcapitol.bmp,30.519428175117486
/gblur/img143.bmp,gblur,/refimgs/cemetry.bmp,33.84223042572021
/gblur/img144.bmp,gblur,/refimgs/sailing3.bmp,72.07038503902244
/gblur/img145.bmp,gblur,/refimgs/woman.bmp,22.31027731867567
/fastfading/img1.bmp,fastfading,/refimgs/coinsinfountain.bmp,75.69834484894027
/fastfading/img2.bmp,fastfading,/refimgs/coinsinfountain.bmp,72.38923371278747
/fastfading/img3.bmp,fastfading,/refimgs/coinsinfountain.bmp,70.14186312814755
/fastfading/img4.bmp,fastfading,/refimgs/coinsinfountain.bmp,21.236876374403256
/fastfading/img5.bmp,fastfading,/refimgs/coinsinfountain.bmp,13.035300360483568
/fastfading/img6.bmp,fastfading,/refimgs/ocean.bmp,61.918847069988395
/fastfading/img7.bmp,fastfading,/refimgs/ocean.bmp,51.55241265731182
/fastfading/img8.bmp,fastfading,/refimgs/ocean.bmp,83.14840637381712
/fastfading/img9.bmp,fastfading,/refimgs/ocean.bmp,63.12396333336599
/fastfading/img10.bmp,fastfading,/refimgs/ocean.bmp,5.932762842632152
/fastfading/img11.bmp,fastfading,/refimgs/statue.bmp,72.19553583563231
/fastfading/img12.bmp,fastfading,/refimgs/statue.bmp,46.15722197754743
/fastfading/img13.bmp,fastfading,/refimgs/statue.bmp,10.620057478684009
/fastfading/img14.bmp,fastfading,/refimgs/statue.bmp,19.717544269834335
/fastfading/img15.bmp,fastfading,/refimgs/statue.bmp,10.833354821743226
/fastfading/img16.bmp,fastfading,/refimgs/dancers.bmp,65.82497819643346
/fastfading/img17.bmp,fastfading,/refimgs/dancers.bmp,54.373331274324045
/fastfading/img18.bmp,fastfading,/refimgs/dancers.bmp,81.0179705378508
/fastfading/img19.bmp,fastfading,/refimgs/dancers.bmp,41.92217758138109
/fastfading/img20.bmp,fastfading,/refimgs/dancers.bmp,22.00058839495432
/fastfading/img21.bmp,fastfading,/refimgs/paintedhouse.bmp,78.39976353763906
/fastfading/img22.bmp,fastfading,/refimgs/paintedhouse.bmp,62.589208895964546
/fastfading/img23.bmp,fastfading,/refimgs/paintedhouse.bmp,47.03150565208161
/fastfading/img24.bmp,fastfading,/refimgs/paintedhouse.bmp,54.39350290165264
/fastfading/img25.bmp,fastfading,/refimgs/paintedhouse.bmp,13.64960869971246
/fastfading/img26.bmp,fastfading,/refimgs/stream.bmp,67.11403306513637
/fastfading/img27.bmp,fastfading,/refimgs/stream.bmp,10.904306643436376
/fastfading/img28.bmp,fastfading,/refimgs/stream.bmp,15.804461414590348
/fastfading/img29.bmp,fastfading,/refimgs/stream.bmp,16.145172839516636
/fastfading/img30.bmp,fastfading,/refimgs/stream.bmp,7.247282319675263
/fastfading/img31.bmp,fastfading,/refimgs/bikes.bmp,99.5865134868696
/fastfading/img32.bmp,fastfading,/refimgs/bikes.bmp,52.327717808871576
/fastfading/img33.bmp,fastfading,/refimgs/bikes.bmp,33.16214637834979
/fastfading/img34.bmp,fastfading,/refimgs/bikes.bmp,10.492456034882686
/fastfading/img35.bmp,fastfading,/refimgs/bikes.bmp,48.840839515922575
/fastfading/img36.bmp,fastfading,/refimgs/flowersonih35.bmp,54.765028895706614
/fastfading/img37.bmp,fastfading,/refimgs/flowersonih35.bmp,95.77409374141651
/fastfading/img38.bmp,fastfading,/refimgs/flowersonih35.bmp,30.780235338582468
/fastfading/img39.bmp,fastfading,/refimgs/flowersonih35.bmp,34.07425249043993
/fastfading/img40.bmp,fastfading,/refimgs/flowersonih35.bmp,16.429121525519587
/fastfading/img41.bmp,fastfading,/refimgs/parrots.bmp,47.90779725297225
/fastfading/img42.bmp,fastfading,/refimgs/parrots.bmp,58.41939049817109
/fastfading/img43.bmp,fastfading,/refimgs/parrots.bmp,7.234500306160264
/fastfading/img44.bmp,fastfading,/refimgs/parrots.bmp,20.695027475202703
/fastfading/img45.bmp,fastfading,/refimgs/parrots.bmp,3.3916336118871087
/fastfading/img46.bmp,fastfading,/refimgs/studentsculpture.bmp,84.35398937606175
/fastfading/img47.bmp,fastfading,/refimgs/studentsculpture.bmp,99.04090626921534
/fastfading/img48.bmp,fastfading,/refimgs/studentsculpture.bmp,57.11706071800261
/fastfading/img49.bmp,fastfading,/refimgs/studentsculpture.bmp,13.315534024440112
/fastfading/img50.bmp,fastfading,/refimgs/studentsculpture.bmp,14.48061675032668
/fastfading/img51.bmp,fastfading,/refimgs/building2.bmp,84.84405450844739
/fastfading/img52.bmp,fastfading,/refimgs/building2.bmp,102.67047076529366
/fastfading/img53.bmp,fastfading,/refimgs/building2.bmp,49.21986908481058
/fastfading/img54.bmp,fastfading,/refimgs/building2.bmp,11.099089191674402
/fastfading/img55.bmp,fastfading,/refimgs/building2.bmp,16.0834094198751
/fastfading/img56.bmp,fastfading,/refimgs/plane.bmp,49.8049500050861
/fastfading/img57.bmp,fastfading,/refimgs/plane.bmp,76.03556974499287
/fastfading/img58.bmp,fastfading,/refimgs/plane.bmp,95.95778317943883
/fastfading/img59.bmp,fastfading,/refimgs/plane.bmp,9.426468350910561
/fastfading/img60.bmp,fastfading,/refimgs/plane.bmp,14.523194856047587
/fastfading/img61.bmp,fastfading,/refimgs/woman.bmp,75.73546444515758
/fastfading/img62.bmp,fastfading,/refimgs/woman.bmp,73.80284324741564
/fastfading/img63.bmp,fastfading,/refimgs/woman.bmp,20.51066156621876
/fastfading/img64.bmp,fastfading,/refimgs/woman.bmp,10.139030733080304
/fastfading/img65.bmp,fastfading,/refimgs/woman.bmp,87.90972369286591
/fastfading/img66.bmp,fastfading,/refimgs/buildings.bmp,59.22040878496258
/fastfading/img67.bmp,fastfading,/refimgs/buildings.bmp,73.46184832990366
/fastfading/img68.bmp,fastfading,/refimgs/buildings.bmp,69.5058791325869
/fastfading/img69.bmp,fastfading,/refimgs/buildings.bmp,89.79611578262838
/fastfading/img70.bmp,fastfading,/refimgs/buildings.bmp,8.049363347373571
/fastfading/img71.bmp,fastfading,/refimgs/house.bmp,97.87628555010909
/fastfading/img72.bmp,fastfading,/refimgs/house.bmp,22.841368890743226
/fastfading/img73.bmp,fastfading,/refimgs/house.bmp,36.83680677608689
/fastfading/img74.bmp,fastfading,/refimgs/house.bmp,11.021255348207085
/fastfading/img75.bmp,fastfading,/refimgs/house.bmp,10.886885674413486
/fastfading/img76.bmp,fastfading,/refimgs/rapids.bmp,97.93005426044192
/fastfading/img77.bmp,fastfading,/refimgs/rapids.bmp,46.613976912731225
/fastfading/img78.bmp,fastfading,/refimgs/rapids.bmp,45.771721280740564
/fastfading/img79.bmp,fastfading,/refimgs/rapids.bmp,57.0121131162158
/fastfading/img80.bmp,fastfading,/refimgs/rapids.bmp,6.827347477667607
/fastfading/img81.bmp,fastfading,/refimgs/womanhat.bmp,48.85321204142524
/fastfading/img82.bmp,fastfading,/refimgs/womanhat.bmp,41.63170220029613
/fastfading/img83.bmp,fastfading,/refimgs/womanhat.bmp,24.486863891147017
/fastfading/img84.bmp,fastfading,/refimgs/womanhat.bmp,19.021435287056374
/fastfading/img85.bmp,fastfading,/refimgs/womanhat.bmp,54.56990823000828
/fastfading/img86.bmp,fastfading,/refimgs/caps.bmp,90.82715103470836
/fastfading/img87.bmp,fastfading,/refimgs/caps.bmp,75.4497233129303
/fastfading/img88.bmp,fastfading,/refimgs/caps.bmp,59.17259106737625
/fastfading/img89.bmp,fastfading,/refimgs/caps.bmp,31.059871906202826
/fastfading/img90.bmp,fastfading,/refimgs/caps.bmp,45.10596694497139
/fastfading/img91.bmp,fastfading,/refimgs/lighthouse.bmp,55.63083463174906
/fastfading/img92.bmp,fastfading,/refimgs/lighthouse.bmp,81.44321011813874
/fastfading/img93.bmp,fastfading,/refimgs/lighthouse.bmp,38.38644793948208
/fastfading/img94.bmp,fastfading,/refimgs/lighthouse.bmp,46.66136696626988
/fastfading/img95.bmp,fastfading,/refimgs/lighthouse.bmp,58.4995162932027
/fastfading/img96.bmp,fastfading,/refimgs/sailing1.bmp,96.01007026787255
/fastfading/img97.bmp,fastfading,/refimgs/sailing1.bmp,71.3583186945212
/fastfading/img98.bmp,fastfading,/refimgs/sailing1.bmp,20.898734424376453
/fastfading/img99.bmp,fastfading,/refimgs/sailing1.bmp,60.484039969026014
/fastfading/img100.bmp,fastfading,/refimgs/sailing1.bmp,64.71622731164517
/fastfading/img101.bmp,fastfading,/refimgs/carnivaldolls.bmp,60.849733945404864
/fastfading/img102.bmp,fastfading,/refimgs/carnivaldolls.bmp,37.96393061413332
/fastfading/img103.bmp,fastfading,/refimgs/carnivaldolls.bmp,67.64800840348245
/fastfading/img104.bmp,fastfading,/refimgs/carnivaldolls.bmp,9.516793517983984
/fastfading/img105.bmp,fastfading,/refimgs/carnivaldolls.bmp,12.867990241491285
/fastfading/img106.bmp,fastfading,/refimgs/lighthouse2.bmp,64.70246714917701
/fastfading/img107.bmp,fastfading,/refimgs/lighthouse2.bmp,57.32734095341542
/fastfading/img108.bmp,fastfading,/refimgs/lighthouse2.bmp,55.594120767161606
/fastfading/img109.bmp,fastfading,/refimgs/lighthouse2.bmp,30.88619354655133
/fastfading/img110.bmp,fastfading,/refimgs/lighthouse2.bmp,9.347556490035204
/fastfading/img111.bmp,fastfading,/refimgs/sailing2.bmp,54.352983111695345
/fastfading/img112.bmp,fastfading,/refimgs/sailing2.bmp,70.07786306570196
/fastfading/img113.bmp,fastfading,/refimgs/sailing2.bmp,54.5241692380685
/fastfading/img114.bmp,fastfading,/refimgs/sailing2.bmp,33.72183274128712
/fastfading/img115.bmp,fastfading,/refimgs/sailing2.bmp,29.19069591137785
/fastfading/img116.bmp,fastfading,/refimgs/cemetry.bmp,101.10825291523571
/fastfading/img117.bmp,fastfading,/refimgs/cemetry.bmp,78.21645963703683
/fastfading/img118.bmp,fastfading,/refimgs/cemetry.bmp,60.848636217073604
/fastfading/img119.bmp,fastfading,/refimgs/cemetry.bmp,8.316406055870281
/fastfading/img120.bmp,fastfading,/refimgs/cemetry.bmp,86.77278366007694
/fastfading/img121.bmp,fastfading,/refimgs/manfishing.bmp,60.25001556155525
/fastfading/img122.bmp,fastfading,/refimgs/manfishing.bmp,68.1452285836704
/fastfading/img123.bmp,fastfading,/refimgs/manfishing.bmp,41.42084650246674
/fastfading/img124.bmp,fastfading,/refimgs/manfishing.bmp,15.137590014892428
/fastfading/img125.bmp,fastfading,/refimgs/manfishing.bmp,7.880271887900541
/fastfading/img126.bmp,fastfading,/refimgs/sailing3.bmp,72.89473698628494
/fastfading/img127.bmp,fastfading,/refimgs/sailing3.bmp,21.24627124932043
/fastfading/img128.bmp,fastfading,/refimgs/sailing3.bmp,21.11139930138125
/fastfading/img129.bmp,fastfading,/refimgs/sailing3.bmp,8.934551287688677
/fastfading/img130.bmp,fastfading,/refimgs/sailing3.bmp,9.347234220443331
/fastfading/img131.bmp,fastfading,/refimgs/churchandcapitol.bmp,104.70492246757584
/fastfading/img132.bmp,fastfading,/refimgs/churchandcapitol.bmp,101.31922333167549
/fastfading/img133.bmp,fastfading,/refimgs/churchandcapitol.bmp,15.035606526045699
/fastfading/img134.bmp,fastfading,/refimgs/churchandcapitol.bmp,17.1034743529604
/fastfading/img135.bmp,fastfading,/refimgs/churchandcapitol.bmp,38.976724838748005
/fastfading/img136.bmp,fastfading,/refimgs/monarch.bmp,65.49515916274478
/fastfading/img137.bmp,fastfading,/refimgs/monarch.bmp,48.7925835867167
/fastfading/img138.bmp,fastfading,/refimgs/monarch.bmp,27.26553349940608
/fastfading/img139.bmp,fastfading,/refimgs/monarch.bmp,7.027264242310557
/fastfading/img140.bmp,fastfading,/refimgs/monarch.bmp,9.283473183604274
/fastfading/img141.bmp,fastfading,/refimgs/sailing4.bmp,71.64224760757007
/fastfading/img142.bmp,fastfading,/refimgs/sailing4.bmp,53.05297800439078
/fastfading/img143.bmp,fastfading,/refimgs/sailing4.bmp,35.233143723927924
/fastfading/img144.bmp,fastfading,/refimgs/sailing4.bmp,56.34115606262271
/fastfading/img145.bmp,fastfading,/refimgs/sailing4.bmp,34.05021940048932
